request_id,title,ticket_description,ticket_resolution,creation_date,resolution_date
c065f6ab-3d74-4b5c-913b-c4eccd49cd99,Problème de projecteur,"Bonjour l'équipe IT, mon projecteur pose problème. Il n'affiche aucun signal chaque fois que je lance l'application. Cela a commencé depuis la dernière mise à jour. Merci de vérifier.",Merci pour votre signalement. Le problème était lié à une panne serveur. Nous avons redémarré le service concerné. Cela devrait être résolu maintenant.,06/02/2025 05:58,10/02/2025 20:58
82fa7aa7-ea66-4226-88cc-abc807d4ec07,Problème de Wifi,"Bonjour, je ne peux pas utiliser correctement mon Wifi. Il se déconnecte fréquemment surtout quand je imprime un document. Ce souci est apparu ce matin. Merci pour votre aide.","Nous avons identifié la cause du problème : une panne serveur. Après avoir vidé le cache et renouvelé l'authentification, tout semble fonctionner normalement.",06/04/2025 01:16,06/04/2025 02:16
fcc04434-8ff5-48bb-95fd-86ca988b503d,Problème de VPN,"Bonjour, je rencontre un problème avec mon VPN depuis depuis quelques heures. Il se met à ne se connecte pas au réseau de l'entreprise. Pourriez-vous vérifier cela ? Merci d'avance.","Nous avons identifié la cause du problème : une panne serveur. Après avoir vidé le cache et renouvelé l'authentification, tout semble fonctionner normalement.",11/02/2025 08:11,14/02/2025 06:11
773c26e1-638e-42b3-97f8-9a97135e5523,Problème de lecteur réseau,"Bonjour, je rencontre un problème avec mon lecteur réseau depuis ce matin. Il se met à ne s'affiche pas dans l'explorateur. Pourriez-vous vérifier cela ? Merci d'avance.",Merci pour votre signalement. Le problème était lié à une panne serveur. Nous avons redémarré le service concerné. Cela devrait être résolu maintenant.,18/06/2025 17:14,20/06/2025 05:14
29c1ec05-4a8f-4ae7-a790-b8e8f840c0d5,Problème de audio,"Bonsoir, j’ai un souci avec audio. Depuis depuis la dernière mise à jour, il ne fonctionne pas pendant les appels Teams. Je ne parviens pas à le résoudre seul. Merci de prendre en charge.","Après diagnostic, nous avons constaté que un switch réseau défaillant était à l'origine du problème. Nous avons appliqué un correctif. Merci de confirmer le bon fonctionnement.",12/04/2025 23:20,17/04/2025 20:20
2cd3fbdb-0626-426c-8db8-bc6f82365d4b,Problème de lecteur réseau,"Bonsoir, j’ai un souci avec lecteur réseau. Depuis après 10h30, il ne s'affiche pas dans l'explorateur. Je ne parviens pas à le résoudre seul. Merci de prendre en charge.",Le souci venait de un jeton d'authentification expiré. Nous avons basculé vers un serveur de secours pour corriger cela. Merci de tester à nouveau.,25/06/2025 02:20,29/06/2025 03:20
4e3dec25-bf42-4b7e-b599-72efe4be8d70,Problème de audio,"Bonjour, je rencontre un problème avec mon audio depuis depuis hier. Il se met à ne fonctionne pas pendant les appels Teams. Pourriez-vous vérifier cela ? Merci d'avance.","Après diagnostic, nous avons constaté que une panne serveur était à l'origine du problème. Nous avons mis à jour la configuration. Merci de confirmer le bon fonctionnement.",31/03/2025 09:13,04/04/2025 01:13
bdfe07d0-2bb6-4f99-9295-78810438e72f,Problème de VPN,"Bonsoir, j’ai un souci avec VPN. Depuis après 10h30, il ne se connecte pas au réseau de l'entreprise. Je ne parviens pas à le résoudre seul. Merci de prendre en charge.",Le souci venait de un switch réseau défaillant. Nous avons vidé le cache et renouvelé l'authentification pour corriger cela. Merci de tester à nouveau.,08/03/2025 16:30,09/03/2025 05:30
7c4c9089-b98a-47af-b5a8-20b0da4e0cea,Problème de SAP,"Bonsoir, j’ai un souci avec SAP. Depuis depuis hier, il renvoie des erreurs de connexion. Je ne parviens pas à le résoudre seul. Merci de prendre en charge.",Le problème provenait de un pilote obsolète. Nous avons appliqué un correctif. Merci de nous informer si le souci persiste.,13/06/2025 04:11,15/06/2025 12:11
b7e05cb6-b52f-47a0-b907-341038e09811,Problème de base de données,"Bonsoir, j’ai un souci avec base de données. Depuis depuis quelques heures, il ne retourne aucun résultat. Je ne parviens pas à le résoudre seul. Merci de prendre en charge.","Après diagnostic, nous avons constaté que un switch réseau défaillant était à l'origine du problème. Nous avons vidé le cache et renouvelé l'authentification. Merci de confirmer le bon fonctionnement.",01/02/2025 23:14,02/02/2025 10:14
3afa6364-3325-47e8-802a-e63f8ac919ad,Problème de projecteur,"Bonjour, je ne peux pas utiliser correctement mon projecteur. Il n'affiche aucun signal surtout quand je essaie de me connecter. Ce souci est apparu depuis quelques heures. Merci pour votre aide.",Merci pour votre signalement. Le problème était lié à un pilote obsolète. Nous avons basculé vers un serveur de secours. Cela devrait être résolu maintenant.,04/04/2025 22:21,09/04/2025 03:21
6bae5e3b-6194-45e3-98b1-153c6895aa2d,Problème de base de données,"Bonjour, je ne peux pas utiliser correctement mon base de données. Il ne retourne aucun résultat surtout quand je rejoint une réunion. Ce souci est apparu depuis quelques heures. Merci pour votre aide.",Le souci venait de un paramétrage réseau incorrect. Nous avons redémarré le service concerné pour corriger cela. Merci de tester à nouveau.,19/06/2025 06:32,19/06/2025 16:32
f350a4ba-3a26-4d12-9cb4-c2b18cae34ec,Problème de SAP,"Bonsoir, j’ai un souci avec SAP. Depuis depuis quelques heures, il renvoie des erreurs de connexion. Je ne parviens pas à le résoudre seul. Merci de prendre en charge.",Le problème provenait de un paramétrage réseau incorrect. Nous avons basculé vers un serveur de secours. Merci de nous informer si le souci persiste.,07/07/2025 00:24,10/07/2025 13:24
12a54ff7-64b6-49aa-8011-45ce8db5dc92,Problème de base de données,"Bonsoir, j’ai un souci avec base de données. Depuis depuis quelques heures, il ne retourne aucun résultat. Je ne parviens pas à le résoudre seul. Merci de prendre en charge.",Le souci venait de un jeton d'authentification expiré. Nous avons redémarré le service concerné pour corriger cela. Merci de tester à nouveau.,23/05/2025 05:17,28/05/2025 01:17
a2358a54-2ce5-4b0d-bd18-ba591900a03c,Problème de projecteur,"Salut, depuis depuis la dernière mise à jour, mon projecteur est en train de n'affiche aucun signal. J'ai essayé de redémarrer l'appareil mais cela ne change rien. Merci de votre aide.",Merci pour votre signalement. Le problème était lié à une panne serveur. Nous avons redémarré le service concerné. Cela devrait être résolu maintenant.,21/03/2025 10:40,22/03/2025 12:40
e7936097-0449-4afa-a6c8-5c2c3bfaaed5,Problème de Outlook,"Bonsoir, j’ai un souci avec Outlook. Depuis depuis hier, il ne synchronise plus les e-mails. Je ne parviens pas à le résoudre seul. Merci de prendre en charge.",Merci pour votre signalement. Le problème était lié à un switch réseau défaillant. Nous avons basculé vers un serveur de secours. Cela devrait être résolu maintenant.,12/04/2025 14:57,16/04/2025 11:57
c50c7cba-fb71-40bf-b56b-22da3da9c041,Problème de Outlook,"Bonjour, je ne peux pas utiliser correctement mon Outlook. Il ne synchronise plus les e-mails surtout quand je rejoint une réunion. Ce souci est apparu ce matin. Merci pour votre aide.","Nous avons identifié la cause du problème : une panne serveur. Après avoir redémarré le service concerné, tout semble fonctionner normalement.",28/01/2025 18:06,31/01/2025 06:06
cc736325-ce8e-4cfa-8094-77762bc509f7,Problème de base de données,"Bonjour l'équipe IT, mon base de données pose problème. Il ne retourne aucun résultat chaque fois que je essaie de me connecter. Cela a commencé depuis la dernière mise à jour. Merci de vérifier.",Le problème provenait de un pilote obsolète. Nous avons appliqué un correctif. Merci de nous informer si le souci persiste.,14/05/2025 18:34,15/05/2025 13:34
db422e45-6310-48fd-a86c-ebf60ec68cdc,Problème de Outlook,"Bonjour, je rencontre un problème avec mon Outlook depuis depuis la dernière mise à jour. Il se met à ne synchronise plus les e-mails. Pourriez-vous vérifier cela ? Merci d'avance.","Après diagnostic, nous avons constaté que une panne serveur était à l'origine du problème. Nous avons mis à jour la configuration. Merci de confirmer le bon fonctionnement.",30/04/2025 04:36,30/04/2025 06:36
902920ca-6000-4d9e-b1f7-7dbed4f67904,Problème de SAP,"Salut, depuis depuis quelques heures, mon SAP est en train de renvoie des erreurs de connexion. J'ai essayé de redémarrer l'appareil mais cela ne change rien. Merci de votre aide.",Le problème provenait de un switch réseau défaillant. Nous avons mis à jour la configuration. Merci de nous informer si le souci persiste.,23/03/2025 03:38,26/03/2025 19:38
9128ab68-e7e3-451e-8509-bc851cbb3298,Problème de SAP,"Bonsoir, j’ai un souci avec SAP. Depuis depuis la dernière mise à jour, il renvoie des erreurs de connexion. Je ne parviens pas à le résoudre seul. Merci de prendre en charge.","Après diagnostic, nous avons constaté que un paramétrage réseau incorrect était à l'origine du problème. Nous avons basculé vers un serveur de secours. Merci de confirmer le bon fonctionnement.",06/06/2025 03:01,08/06/2025 19:01
fd81225b-96d5-455e-987d-e8da862d70b3,Problème de SAP,"Bonjour, je ne peux pas utiliser correctement mon SAP. Il renvoie des erreurs de connexion surtout quand je imprime un document. Ce souci est apparu ce matin. Merci pour votre aide.",Merci pour votre signalement. Le problème était lié à un jeton d'authentification expiré. Nous avons vidé le cache et renouvelé l'authentification. Cela devrait être résolu maintenant.,10/05/2025 03:40,11/05/2025 10:40
073828df-fc23-4a57-a961-8cf9aa966a54,Problème de base de données,"Bonjour l'équipe IT, mon base de données pose problème. Il ne retourne aucun résultat chaque fois que je rejoint une réunion. Cela a commencé depuis quelques heures. Merci de vérifier.","Après diagnostic, nous avons constaté que un jeton d'authentification expiré était à l'origine du problème. Nous avons vidé le cache et renouvelé l'authentification. Merci de confirmer le bon fonctionnement.",16/07/2025 10:22,21/07/2025 02:22
e80b1607-7871-48bf-863a-208f9e4d9615,Problème de base de données,"Salut, depuis après 10h30, mon base de données est en train de ne retourne aucun résultat. J'ai essayé de redémarrer l'appareil mais cela ne change rien. Merci de votre aide.",Le problème provenait de une panne serveur. Nous avons mis à jour la configuration. Merci de nous informer si le souci persiste.,14/06/2025 08:32,18/06/2025 23:32
a8776017-f50b-4364-9538-7acc7e4f73ad,Problème de lecteur réseau,"Bonjour l'équipe IT, mon lecteur réseau pose problème. Il ne s'affiche pas dans l'explorateur chaque fois que je imprime un document. Cela a commencé après 10h30. Merci de vérifier.",Le problème provenait de un jeton d'authentification expiré. Nous avons basculé vers un serveur de secours. Merci de nous informer si le souci persiste.,11/03/2025 06:35,13/03/2025 15:35
aa46793a-8ebb-4674-8db3-9dd42e6f9340,Problème de lecteur réseau,"Bonjour, je rencontre un problème avec mon lecteur réseau depuis après 10h30. Il se met à ne s'affiche pas dans l'explorateur. Pourriez-vous vérifier cela ? Merci d'avance.",Merci pour votre signalement. Le problème était lié à une panne serveur. Nous avons mis à jour la configuration. Cela devrait être résolu maintenant.,09/06/2025 19:26,10/06/2025 05:26
0bb332d3-6711-49f5-99cf-f2dfc643ee41,Problème de Wifi,"Salut, depuis depuis hier, mon Wifi est en train de se déconnecte fréquemment. J'ai essayé de redémarrer l'appareil mais cela ne change rien. Merci de votre aide.",Le souci venait de une panne serveur. Nous avons redémarré le service concerné pour corriger cela. Merci de tester à nouveau.,06/05/2025 11:31,08/05/2025 17:31
215a117d-5fac-4f39-a7ad-bc0f0296302a,Problème de ordinateur portable,"Salut, depuis après 10h30, mon ordinateur portable est en train de ne démarre pas après l'écran de connexion. J'ai essayé de redémarrer l'appareil mais cela ne change rien. Merci de votre aide.","Après diagnostic, nous avons constaté que un pilote obsolète était à l'origine du problème. Nous avons mis à jour la configuration. Merci de confirmer le bon fonctionnement.",28/02/2025 07:01,05/03/2025 02:01
ed657b61-9fa8-472b-a5cc-3ce87ce04690,Problème de Wifi,"Bonsoir, j’ai un souci avec Wifi. Depuis depuis hier, il se déconnecte fréquemment. Je ne parviens pas à le résoudre seul. Merci de prendre en charge.",Le souci venait de un jeton d'authentification expiré. Nous avons vidé le cache et renouvelé l'authentification pour corriger cela. Merci de tester à nouveau.,16/04/2025 16:56,20/04/2025 18:56
709c9737-b0d0-4e49-a706-83c3fa168380,Problème de lecteur réseau,"Bonsoir, j’ai un souci avec lecteur réseau. Depuis après 10h30, il ne s'affiche pas dans l'explorateur. Je ne parviens pas à le résoudre seul. Merci de prendre en charge.",Merci pour votre signalement. Le problème était lié à un paramétrage réseau incorrect. Nous avons redémarré le service concerné. Cela devrait être résolu maintenant.,04/05/2025 18:43,07/05/2025 23:43
8a27874a-4e77-44d6-9950-1d7c62ff00ff,Problème de ordinateur portable,"Bonsoir, j’ai un souci avec ordinateur portable. Depuis depuis hier, il ne démarre pas après l'écran de connexion. Je ne parviens pas à le résoudre seul. Merci de prendre en charge.",Merci pour votre signalement. Le problème était lié à un pilote obsolète. Nous avons vidé le cache et renouvelé l'authentification. Cela devrait être résolu maintenant.,27/05/2025 01:12,31/05/2025 23:12
1c55ff60-409a-4c58-a5e0-c9a28f7d92d5,Problème de ordinateur portable,"Bonjour l'équipe IT, mon ordinateur portable pose problème. Il ne démarre pas après l'écran de connexion chaque fois que je imprime un document. Cela a commencé ce matin. Merci de vérifier.","Nous avons identifié la cause du problème : un switch réseau défaillant. Après avoir appliqué un correctif, tout semble fonctionner normalement.",22/03/2025 01:13,22/03/2025 03:13
66137968-6805-48cd-9404-71c3851511e2,Problème de SAP,"Salut, depuis depuis hier, mon SAP est en train de renvoie des erreurs de connexion. J'ai essayé de redémarrer l'appareil mais cela ne change rien. Merci de votre aide.",Le problème provenait de un pilote obsolète. Nous avons mis à jour la configuration. Merci de nous informer si le souci persiste.,12/03/2025 03:47,14/03/2025 10:47
fa6ae037-d9e8-4bb6-a6ae-6efc3b75ef11,Problème de projecteur,"Bonjour, je rencontre un problème avec mon projecteur depuis après 10h30. Il se met à n'affiche aucun signal. Pourriez-vous vérifier cela ? Merci d'avance.",Merci pour votre signalement. Le problème était lié à une panne serveur. Nous avons vidé le cache et renouvelé l'authentification. Cela devrait être résolu maintenant.,29/01/2025 06:40,31/01/2025 12:40
c98eb249-50bf-4cc9-a68c-22c6b3835ccf,Problème de base de données,"Salut, depuis depuis hier, mon base de données est en train de ne retourne aucun résultat. J'ai essayé de redémarrer l'appareil mais cela ne change rien. Merci de votre aide.","Après diagnostic, nous avons constaté que un jeton d'authentification expiré était à l'origine du problème. Nous avons redémarré le service concerné. Merci de confirmer le bon fonctionnement.",21/05/2025 11:54,21/05/2025 21:54
ae06c527-8b63-42b9-adec-adbe951058df,Problème de base de données,"Bonsoir, j’ai un souci avec base de données. Depuis depuis quelques heures, il ne retourne aucun résultat. Je ne parviens pas à le résoudre seul. Merci de prendre en charge.","Nous avons identifié la cause du problème : une panne serveur. Après avoir vidé le cache et renouvelé l'authentification, tout semble fonctionner normalement.",30/04/2025 16:32,01/05/2025 18:32
1822413b-fffa-42a2-a390-db8e6e5e6afc,Problème de projecteur,"Bonjour l'équipe IT, mon projecteur pose problème. Il n'affiche aucun signal chaque fois que je lance l'application. Cela a commencé après 10h30. Merci de vérifier.",Le problème provenait de un jeton d'authentification expiré. Nous avons vidé le cache et renouvelé l'authentification. Merci de nous informer si le souci persiste.,16/06/2025 04:19,17/06/2025 00:19
81bdd1a5-2093-49cd-9e7b-a0bcf6c4b6ac,Problème de imprimante,"Bonjour l'équipe IT, mon imprimante pose problème. Il ne répond pas aux commandes chaque fois que je rejoint une réunion. Cela a commencé depuis quelques heures. Merci de vérifier.",Le problème provenait de une panne serveur. Nous avons vidé le cache et renouvelé l'authentification. Merci de nous informer si le souci persiste.,18/05/2025 19:53,19/05/2025 02:53
8b4078c6-64f7-4741-9166-15641d233432,Problème de audio,"Bonjour, je rencontre un problème avec mon audio depuis ce matin. Il se met à ne fonctionne pas pendant les appels Teams. Pourriez-vous vérifier cela ? Merci d'avance.","Nous avons identifié la cause du problème : un pilote obsolète. Après avoir redémarré le service concerné, tout semble fonctionner normalement.",24/06/2025 05:41,25/06/2025 23:41
b944aa30-705f-48ca-bbd7-ae63fb6ed8de,Problème de imprimante,"Bonsoir, j’ai un souci avec imprimante. Depuis après 10h30, il ne répond pas aux commandes. Je ne parviens pas à le résoudre seul. Merci de prendre en charge.","Après diagnostic, nous avons constaté que un switch réseau défaillant était à l'origine du problème. Nous avons vidé le cache et renouvelé l'authentification. Merci de confirmer le bon fonctionnement.",10/07/2025 23:49,15/07/2025 02:49
4fd54b8a-8494-4407-aeeb-df32e5fa7d14,Problème de base de données,"Bonsoir, j’ai un souci avec base de données. Depuis ce matin, il ne retourne aucun résultat. Je ne parviens pas à le résoudre seul. Merci de prendre en charge.",Le problème provenait de un paramétrage réseau incorrect. Nous avons vidé le cache et renouvelé l'authentification. Merci de nous informer si le souci persiste.,24/05/2025 16:35,28/05/2025 09:35
5f8b4743-06d1-495a-89b1-971f01d25ac9,Problème de Wifi,"Salut, depuis après 10h30, mon Wifi est en train de se déconnecte fréquemment. J'ai essayé de redémarrer l'appareil mais cela ne change rien. Merci de votre aide.","Après diagnostic, nous avons constaté que une panne serveur était à l'origine du problème. Nous avons vidé le cache et renouvelé l'authentification. Merci de confirmer le bon fonctionnement.",08/07/2025 01:48,11/07/2025 20:48
fb647176-d61b-4e1a-bac5-bad27467e7ac,Problème de lecteur réseau,"Bonjour, je rencontre un problème avec mon lecteur réseau depuis depuis la dernière mise à jour. Il se met à ne s'affiche pas dans l'explorateur. Pourriez-vous vérifier cela ? Merci d'avance.","Nous avons identifié la cause du problème : un pilote obsolète. Après avoir redémarré le service concerné, tout semble fonctionner normalement.",20/02/2025 21:37,22/02/2025 23:37
f905083a-ff10-48c9-8e20-0a2b80a0b9cc,Problème de ordinateur portable,"Bonjour l'équipe IT, mon ordinateur portable pose problème. Il ne démarre pas après l'écran de connexion chaque fois que je rejoint une réunion. Cela a commencé depuis hier. Merci de vérifier.",Le problème provenait de un paramétrage réseau incorrect. Nous avons mis à jour la configuration. Merci de nous informer si le souci persiste.,02/05/2025 08:07,05/05/2025 21:07
ee64e1b2-0354-4271-8ef2-4a19e0453221,Problème de VPN,"Bonjour l'équipe IT, mon VPN pose problème. Il ne se connecte pas au réseau de l'entreprise chaque fois que je imprime un document. Cela a commencé après 10h30. Merci de vérifier.",Merci pour votre signalement. Le problème était lié à un paramétrage réseau incorrect. Nous avons mis à jour la configuration. Cela devrait être résolu maintenant.,04/06/2025 16:07,05/06/2025 01:07
4c3bc1fa-6796-47a2-a09a-1b2dcc8b6c0f,Problème de base de données,"Bonjour, je ne peux pas utiliser correctement mon base de données. Il ne retourne aucun résultat surtout quand je imprime un document. Ce souci est apparu depuis hier. Merci pour votre aide.","Nous avons identifié la cause du problème : une panne serveur. Après avoir basculé vers un serveur de secours, tout semble fonctionner normalement.",15/04/2025 19:38,18/04/2025 05:38
c489a851-f6c7-4468-8d03-2d1fa89955e8,Problème de VPN,"Bonjour, je rencontre un problème avec mon VPN depuis depuis hier. Il se met à ne se connecte pas au réseau de l'entreprise. Pourriez-vous vérifier cela ? Merci d'avance.","Après diagnostic, nous avons constaté que une panne serveur était à l'origine du problème. Nous avons redémarré le service concerné. Merci de confirmer le bon fonctionnement.",28/06/2025 11:34,03/07/2025 04:34
b5cb902d-718a-487c-8b52-0a447ebb8a26,Problème de SAP,"Salut, depuis depuis la dernière mise à jour, mon SAP est en train de renvoie des erreurs de connexion. J'ai essayé de redémarrer l'appareil mais cela ne change rien. Merci de votre aide.","Après diagnostic, nous avons constaté que un paramétrage réseau incorrect était à l'origine du problème. Nous avons vidé le cache et renouvelé l'authentification. Merci de confirmer le bon fonctionnement.",08/05/2025 19:07,09/05/2025 01:07
744e0c79-3b23-43e3-82da-30b4ce46a768,Problème de base de données,"Bonjour l'équipe IT, mon base de données pose problème. Il ne retourne aucun résultat chaque fois que je lance l'application. Cela a commencé depuis la dernière mise à jour. Merci de vérifier.",Merci pour votre signalement. Le problème était lié à un pilote obsolète. Nous avons redémarré le service concerné. Cela devrait être résolu maintenant.,09/04/2025 07:34,12/04/2025 08:34
18f2c8a1-a383-457d-8721-17b2a19a556f,Problème de audio,"Bonsoir, j’ai un souci avec audio. Depuis après 10h30, il ne fonctionne pas pendant les appels Teams. Je ne parviens pas à le résoudre seul. Merci de prendre en charge.","Nous avons identifié la cause du problème : une panne serveur. Après avoir vidé le cache et renouvelé l'authentification, tout semble fonctionner normalement.",12/02/2025 07:35,13/02/2025 12:35
6b0aeb4b-759d-422b-9e01-fc4652577891,Problème de lecteur réseau,"Bonjour, je ne peux pas utiliser correctement mon lecteur réseau. Il ne s'affiche pas dans l'explorateur surtout quand je lance l'application. Ce souci est apparu depuis la dernière mise à jour. Merci pour votre aide.",Le problème provenait de un jeton d'authentification expiré. Nous avons appliqué un correctif. Merci de nous informer si le souci persiste.,24/02/2025 06:55,24/02/2025 17:55
9bd887b6-54e8-450a-9bfa-9dd246b0d2ec,Problème de VPN,"Bonjour l'équipe IT, mon VPN pose problème. Il ne se connecte pas au réseau de l'entreprise chaque fois que je imprime un document. Cela a commencé ce matin. Merci de vérifier.","Nous avons identifié la cause du problème : un paramétrage réseau incorrect. Après avoir mis à jour la configuration, tout semble fonctionner normalement.",21/04/2025 21:03,23/04/2025 03:03
af1504f2-d44f-4abd-a181-b5dbb379983c,Problème de SAP,"Bonjour l'équipe IT, mon SAP pose problème. Il renvoie des erreurs de connexion chaque fois que je tente d'envoyer un e-mail. Cela a commencé après 10h30. Merci de vérifier.",Le problème provenait de un jeton d'authentification expiré. Nous avons redémarré le service concerné. Merci de nous informer si le souci persiste.,11/05/2025 06:14,15/05/2025 23:14
bed1a1f0-219c-48ab-af44-faf21da2176f,Problème de Wifi,"Bonsoir, j’ai un souci avec Wifi. Depuis après 10h30, il se déconnecte fréquemment. Je ne parviens pas à le résoudre seul. Merci de prendre en charge.",Le problème provenait de un pilote obsolète. Nous avons basculé vers un serveur de secours. Merci de nous informer si le souci persiste.,10/04/2025 23:38,11/04/2025 13:38
0ce5d29d-1ab7-4ce3-934b-73b86096f857,Problème de projecteur,"Bonjour, je ne peux pas utiliser correctement mon projecteur. Il n'affiche aucun signal surtout quand je imprime un document. Ce souci est apparu depuis la dernière mise à jour. Merci pour votre aide.","Nous avons identifié la cause du problème : un pilote obsolète. Après avoir basculé vers un serveur de secours, tout semble fonctionner normalement.",23/03/2025 23:31,25/03/2025 08:31
8aea5759-c77f-4a0c-9724-3e5e05396798,Problème de projecteur,"Salut, depuis après 10h30, mon projecteur est en train de n'affiche aucun signal. J'ai essayé de redémarrer l'appareil mais cela ne change rien. Merci de votre aide.",Merci pour votre signalement. Le problème était lié à un pilote obsolète. Nous avons redémarré le service concerné. Cela devrait être résolu maintenant.,16/07/2025 19:06,17/07/2025 07:06
4f3a199a-3a4d-4c8c-8255-25bf87f20561,Problème de Outlook,"Bonjour l'équipe IT, mon Outlook pose problème. Il ne synchronise plus les e-mails chaque fois que je essaie de me connecter. Cela a commencé après 10h30. Merci de vérifier.",Merci pour votre signalement. Le problème était lié à un paramétrage réseau incorrect. Nous avons basculé vers un serveur de secours. Cela devrait être résolu maintenant.,18/04/2025 01:44,18/04/2025 03:44
2c0b4407-789e-40ad-8e66-d21a056d2683,Problème de VPN,"Bonjour, je rencontre un problème avec mon VPN depuis depuis hier. Il se met à ne se connecte pas au réseau de l'entreprise. Pourriez-vous vérifier cela ? Merci d'avance.",Le souci venait de un paramétrage réseau incorrect. Nous avons vidé le cache et renouvelé l'authentification pour corriger cela. Merci de tester à nouveau.,01/02/2025 12:41,06/02/2025 11:41
f31781f5-259b-4dc0-8f2b-4958f1677961,Problème de Outlook,"Bonjour l'équipe IT, mon Outlook pose problème. Il ne synchronise plus les e-mails chaque fois que je tente d'envoyer un e-mail. Cela a commencé depuis hier. Merci de vérifier.",Merci pour votre signalement. Le problème était lié à un jeton d'authentification expiré. Nous avons mis à jour la configuration. Cela devrait être résolu maintenant.,25/01/2025 05:47,29/01/2025 10:47
1235e222-8898-4c46-aa6e-136b32967534,Problème de SAP,"Bonjour, je rencontre un problème avec mon SAP depuis depuis hier. Il se met à renvoie des erreurs de connexion. Pourriez-vous vérifier cela ? Merci d'avance.","Nous avons identifié la cause du problème : un paramétrage réseau incorrect. Après avoir redémarré le service concerné, tout semble fonctionner normalement.",28/04/2025 22:07,01/05/2025 04:07
50a23bf1-50c4-46dc-9f7e-4b499596fe2d,Problème de ordinateur portable,"Bonjour l'équipe IT, mon ordinateur portable pose problème. Il ne démarre pas après l'écran de connexion chaque fois que je tente d'envoyer un e-mail. Cela a commencé depuis la dernière mise à jour. Merci de vérifier.","Nous avons identifié la cause du problème : un paramétrage réseau incorrect. Après avoir redémarré le service concerné, tout semble fonctionner normalement.",05/06/2025 10:47,07/06/2025 18:47
5e817dc5-464e-472e-ad38-79fbdbfffb08,Problème de audio,"Bonjour, je ne peux pas utiliser correctement mon audio. Il ne fonctionne pas pendant les appels Teams surtout quand je tente d'envoyer un e-mail. Ce souci est apparu depuis quelques heures. Merci pour votre aide.",Merci pour votre signalement. Le problème était lié à un pilote obsolète. Nous avons basculé vers un serveur de secours. Cela devrait être résolu maintenant.,05/06/2025 21:37,06/06/2025 12:37
6cc9af88-6049-42df-a3ca-b216c0158a0e,Problème de Wifi,"Bonjour, je ne peux pas utiliser correctement mon Wifi. Il se déconnecte fréquemment surtout quand je tente d'envoyer un e-mail. Ce souci est apparu depuis la dernière mise à jour. Merci pour votre aide.",Merci pour votre signalement. Le problème était lié à un pilote obsolète. Nous avons vidé le cache et renouvelé l'authentification. Cela devrait être résolu maintenant.,03/07/2025 20:38,06/07/2025 09:38
f0168cde-7e58-4de8-9385-099261695d68,Problème de projecteur,"Bonjour, je rencontre un problème avec mon projecteur depuis depuis hier. Il se met à n'affiche aucun signal. Pourriez-vous vérifier cela ? Merci d'avance.",Le problème provenait de un jeton d'authentification expiré. Nous avons redémarré le service concerné. Merci de nous informer si le souci persiste.,12/04/2025 22:22,16/04/2025 08:22
07077e47-0a12-4ec5-9faf-ff8021669ce9,Problème de VPN,"Bonsoir, j’ai un souci avec VPN. Depuis depuis hier, il ne se connecte pas au réseau de l'entreprise. Je ne parviens pas à le résoudre seul. Merci de prendre en charge.",Merci pour votre signalement. Le problème était lié à un jeton d'authentification expiré. Nous avons redémarré le service concerné. Cela devrait être résolu maintenant.,30/04/2025 05:19,03/05/2025 16:19
c4c8b9a4-51be-43be-add2-b32c4708be01,Problème de VPN,"Bonjour, je ne peux pas utiliser correctement mon VPN. Il ne se connecte pas au réseau de l'entreprise surtout quand je rejoint une réunion. Ce souci est apparu depuis hier. Merci pour votre aide.","Après diagnostic, nous avons constaté que un jeton d'authentification expiré était à l'origine du problème. Nous avons redémarré le service concerné. Merci de confirmer le bon fonctionnement.",05/07/2025 20:22,06/07/2025 23:22
cfedbddb-f08f-4a2f-93bb-4beb20420be4,Problème de Outlook,"Salut, depuis après 10h30, mon Outlook est en train de ne synchronise plus les e-mails. J'ai essayé de redémarrer l'appareil mais cela ne change rien. Merci de votre aide.","Après diagnostic, nous avons constaté que un paramétrage réseau incorrect était à l'origine du problème. Nous avons mis à jour la configuration. Merci de confirmer le bon fonctionnement.",07/04/2025 17:46,12/04/2025 16:46
e126bc56-8d59-490f-9478-28b061834870,Problème de audio,"Bonjour, je ne peux pas utiliser correctement mon audio. Il ne fonctionne pas pendant les appels Teams surtout quand je tente d'envoyer un e-mail. Ce souci est apparu ce matin. Merci pour votre aide.",Merci pour votre signalement. Le problème était lié à un paramétrage réseau incorrect. Nous avons redémarré le service concerné. Cela devrait être résolu maintenant.,19/04/2025 13:52,22/04/2025 18:52
27459082-82cb-41d3-8f46-9096fcd61af0,Problème de projecteur,"Bonjour, je rencontre un problème avec mon projecteur depuis ce matin. Il se met à n'affiche aucun signal. Pourriez-vous vérifier cela ? Merci d'avance.",Le souci venait de un pilote obsolète. Nous avons mis à jour la configuration pour corriger cela. Merci de tester à nouveau.,25/04/2025 06:31,27/04/2025 15:31
4b3b7c5a-5813-4384-8179-399bdf0915d2,Problème de imprimante,"Salut, depuis ce matin, mon imprimante est en train de ne répond pas aux commandes. J'ai essayé de redémarrer l'appareil mais cela ne change rien. Merci de votre aide.",Le souci venait de une panne serveur. Nous avons vidé le cache et renouvelé l'authentification pour corriger cela. Merci de tester à nouveau.,06/06/2025 02:20,07/06/2025 07:20
9b92d592-aa7b-46f8-ad85-c70c55947038,Problème de projecteur,"Salut, depuis depuis hier, mon projecteur est en train de n'affiche aucun signal. J'ai essayé de redémarrer l'appareil mais cela ne change rien. Merci de votre aide.",Merci pour votre signalement. Le problème était lié à un jeton d'authentification expiré. Nous avons appliqué un correctif. Cela devrait être résolu maintenant.,21/06/2025 03:33,24/06/2025 04:33
e8c9ca65-53b0-47ec-aa8f-897597d3ce98,Problème de Outlook,"Bonsoir, j’ai un souci avec Outlook. Depuis depuis hier, il ne synchronise plus les e-mails. Je ne parviens pas à le résoudre seul. Merci de prendre en charge.",Le souci venait de une panne serveur. Nous avons basculé vers un serveur de secours pour corriger cela. Merci de tester à nouveau.,14/07/2025 06:32,18/07/2025 03:32
19c5af98-f923-4cc2-a806-a48b966ac721,Problème de lecteur réseau,"Bonjour, je rencontre un problème avec mon lecteur réseau depuis depuis quelques heures. Il se met à ne s'affiche pas dans l'explorateur. Pourriez-vous vérifier cela ? Merci d'avance.","Après diagnostic, nous avons constaté que un paramétrage réseau incorrect était à l'origine du problème. Nous avons redémarré le service concerné. Merci de confirmer le bon fonctionnement.",25/06/2025 14:57,27/06/2025 10:57
c56f3584-ad0b-45f5-bf33-1d6e377c4349,Problème de Wifi,"Bonjour, je rencontre un problème avec mon Wifi depuis après 10h30. Il se met à se déconnecte fréquemment. Pourriez-vous vérifier cela ? Merci d'avance.",Merci pour votre signalement. Le problème était lié à un paramétrage réseau incorrect. Nous avons vidé le cache et renouvelé l'authentification. Cela devrait être résolu maintenant.,25/02/2025 04:04,28/02/2025 04:04
bd4b30d6-ef76-4dc3-b622-11588cb80572,Problème de SAP,"Salut, depuis depuis hier, mon SAP est en train de renvoie des erreurs de connexion. J'ai essayé de redémarrer l'appareil mais cela ne change rien. Merci de votre aide.","Après diagnostic, nous avons constaté que un jeton d'authentification expiré était à l'origine du problème. Nous avons mis à jour la configuration. Merci de confirmer le bon fonctionnement.",21/04/2025 18:31,23/04/2025 08:31
3b408229-ef28-4cb9-bc60-5182f071d939,Problème de imprimante,"Bonjour l'équipe IT, mon imprimante pose problème. Il ne répond pas aux commandes chaque fois que je imprime un document. Cela a commencé après 10h30. Merci de vérifier.",Le problème provenait de un paramétrage réseau incorrect. Nous avons redémarré le service concerné. Merci de nous informer si le souci persiste.,03/05/2025 09:40,05/05/2025 10:40
9e47f320-fa53-4ff8-acce-2982c2eddd47,Problème de Outlook,"Bonjour, je rencontre un problème avec mon Outlook depuis depuis quelques heures. Il se met à ne synchronise plus les e-mails. Pourriez-vous vérifier cela ? Merci d'avance.",Merci pour votre signalement. Le problème était lié à une panne serveur. Nous avons redémarré le service concerné. Cela devrait être résolu maintenant.,13/03/2025 02:34,17/03/2025 08:34
af458791-3403-4ea0-9944-05fd6624c4bd,Problème de lecteur réseau,"Bonsoir, j’ai un souci avec lecteur réseau. Depuis depuis hier, il ne s'affiche pas dans l'explorateur. Je ne parviens pas à le résoudre seul. Merci de prendre en charge.","Nous avons identifié la cause du problème : un jeton d'authentification expiré. Après avoir vidé le cache et renouvelé l'authentification, tout semble fonctionner normalement.",30/04/2025 04:30,05/05/2025 04:30
5a439078-ffd1-49fc-8ed6-31d84b6c360a,Problème de SAP,"Bonjour l'équipe IT, mon SAP pose problème. Il renvoie des erreurs de connexion chaque fois que je tente d'envoyer un e-mail. Cela a commencé depuis hier. Merci de vérifier.","Après diagnostic, nous avons constaté que un paramétrage réseau incorrect était à l'origine du problème. Nous avons appliqué un correctif. Merci de confirmer le bon fonctionnement.",29/06/2025 10:37,30/06/2025 16:37
5c863165-0bf9-4cd1-a59e-ca0eeba69b5e,Problème de SAP,"Salut, depuis depuis hier, mon SAP est en train de renvoie des erreurs de connexion. J'ai essayé de redémarrer l'appareil mais cela ne change rien. Merci de votre aide.","Après diagnostic, nous avons constaté que un paramétrage réseau incorrect était à l'origine du problème. Nous avons redémarré le service concerné. Merci de confirmer le bon fonctionnement.",16/06/2025 02:22,20/06/2025 07:22
e8820973-b89b-4398-a79f-9a3e791fc21c,Problème de Wifi,"Bonjour, je rencontre un problème avec mon Wifi depuis depuis hier. Il se met à se déconnecte fréquemment. Pourriez-vous vérifier cela ? Merci d'avance.",Merci pour votre signalement. Le problème était lié à un paramétrage réseau incorrect. Nous avons redémarré le service concerné. Cela devrait être résolu maintenant.,31/01/2025 18:46,05/02/2025 08:46
43f3aa41-f233-441c-b055-05a12d918d0e,Problème de projecteur,"Bonsoir, j’ai un souci avec projecteur. Depuis depuis quelques heures, il n'affiche aucun signal. Je ne parviens pas à le résoudre seul. Merci de prendre en charge.","Nous avons identifié la cause du problème : un jeton d'authentification expiré. Après avoir vidé le cache et renouvelé l'authentification, tout semble fonctionner normalement.",24/02/2025 22:35,27/02/2025 00:35
f2da14d9-60fa-4423-9fac-12ceb2658b74,Problème de imprimante,"Bonjour l'équipe IT, mon imprimante pose problème. Il ne répond pas aux commandes chaque fois que je imprime un document. Cela a commencé depuis hier. Merci de vérifier.",Le problème provenait de une panne serveur. Nous avons redémarré le service concerné. Merci de nous informer si le souci persiste.,27/04/2025 21:33,01/05/2025 21:33
6b914bb1-c534-4151-8067-b4fb9ef943dd,Problème de audio,"Bonjour, je rencontre un problème avec mon audio depuis depuis hier. Il se met à ne fonctionne pas pendant les appels Teams. Pourriez-vous vérifier cela ? Merci d'avance.","Après diagnostic, nous avons constaté que un paramétrage réseau incorrect était à l'origine du problème. Nous avons vidé le cache et renouvelé l'authentification. Merci de confirmer le bon fonctionnement.",19/06/2025 20:30,23/06/2025 02:30
59507631-d2c3-4a96-8574-9ab43b3f3cd3,Problème de audio,"Bonjour, je rencontre un problème avec mon audio depuis ce matin. Il se met à ne fonctionne pas pendant les appels Teams. Pourriez-vous vérifier cela ? Merci d'avance.","Nous avons identifié la cause du problème : une panne serveur. Après avoir appliqué un correctif, tout semble fonctionner normalement.",26/05/2025 23:01,28/05/2025 01:01
8943cb4b-047d-43c3-9035-28ed4afa77ba,Problème de SAP,"Bonjour, je rencontre un problème avec mon SAP depuis depuis hier. Il se met à renvoie des erreurs de connexion. Pourriez-vous vérifier cela ? Merci d'avance.",Le problème provenait de un switch réseau défaillant. Nous avons mis à jour la configuration. Merci de nous informer si le souci persiste.,17/02/2025 19:40,21/02/2025 03:40
dcac18bf-1e58-4d31-87f4-99b458e591a1,Problème de audio,"Salut, depuis après 10h30, mon audio est en train de ne fonctionne pas pendant les appels Teams. J'ai essayé de redémarrer l'appareil mais cela ne change rien. Merci de votre aide.",Merci pour votre signalement. Le problème était lié à un paramétrage réseau incorrect. Nous avons appliqué un correctif. Cela devrait être résolu maintenant.,21/05/2025 23:06,22/05/2025 07:06
82481c54-c2ff-4ba2-a27f-7d2d1012a195,Problème de audio,"Bonjour, je rencontre un problème avec mon audio depuis ce matin. Il se met à ne fonctionne pas pendant les appels Teams. Pourriez-vous vérifier cela ? Merci d'avance.","Nous avons identifié la cause du problème : un switch réseau défaillant. Après avoir basculé vers un serveur de secours, tout semble fonctionner normalement.",21/06/2025 12:04,22/06/2025 01:04
f86fe357-c4aa-463d-a46e-4f5bb2211f43,Problème de VPN,"Salut, depuis depuis hier, mon VPN est en train de ne se connecte pas au réseau de l'entreprise. J'ai essayé de redémarrer l'appareil mais cela ne change rien. Merci de votre aide.",Le problème provenait de un pilote obsolète. Nous avons basculé vers un serveur de secours. Merci de nous informer si le souci persiste.,15/06/2025 02:38,17/06/2025 19:38
19bb5ba1-9b99-4456-93cd-e3f3ae55a9d9,Problème de audio,"Bonsoir, j’ai un souci avec audio. Depuis ce matin, il ne fonctionne pas pendant les appels Teams. Je ne parviens pas à le résoudre seul. Merci de prendre en charge.",Le problème provenait de une panne serveur. Nous avons vidé le cache et renouvelé l'authentification. Merci de nous informer si le souci persiste.,08/07/2025 01:02,10/07/2025 11:02
52827ad6-d93f-45f0-bf19-b404b0bae608,Problème de ordinateur portable,"Bonjour l'équipe IT, mon ordinateur portable pose problème. Il ne démarre pas après l'écran de connexion chaque fois que je imprime un document. Cela a commencé depuis la dernière mise à jour. Merci de vérifier.",Le souci venait de un switch réseau défaillant. Nous avons appliqué un correctif pour corriger cela. Merci de tester à nouveau.,21/05/2025 05:01,25/05/2025 06:01
e329adfe-27e9-4452-9f4c-9d49f25bd6eb,Problème de lecteur réseau,"Bonsoir, j’ai un souci avec lecteur réseau. Depuis depuis quelques heures, il ne s'affiche pas dans l'explorateur. Je ne parviens pas à le résoudre seul. Merci de prendre en charge.","Nous avons identifié la cause du problème : un pilote obsolète. Après avoir redémarré le service concerné, tout semble fonctionner normalement.",09/04/2025 11:04,10/04/2025 13:04
44f655d9-a605-49a0-ae3a-aeae98cb4eac,Problème de imprimante,"Bonjour, je rencontre un problème avec mon imprimante depuis depuis quelques heures. Il se met à ne répond pas aux commandes. Pourriez-vous vérifier cela ? Merci d'avance.",Le souci venait de un switch réseau défaillant. Nous avons mis à jour la configuration pour corriger cela. Merci de tester à nouveau.,10/05/2025 02:48,13/05/2025 18:48
50d5f76e-7d29-4946-b4fa-ceb0166127a7,Problème de audio,"Bonsoir, j’ai un souci avec audio. Depuis depuis hier, il ne fonctionne pas pendant les appels Teams. Je ne parviens pas à le résoudre seul. Merci de prendre en charge.","Après diagnostic, nous avons constaté que un switch réseau défaillant était à l'origine du problème. Nous avons basculé vers un serveur de secours. Merci de confirmer le bon fonctionnement.",29/01/2025 21:59,03/02/2025 03:59
63405dc5-a9b4-405e-81b8-b1cdb8f45d59,Problème de Wifi,"Bonjour l'équipe IT, mon Wifi pose problème. Il se déconnecte fréquemment chaque fois que je imprime un document. Cela a commencé depuis la dernière mise à jour. Merci de vérifier.","Après diagnostic, nous avons constaté que un paramétrage réseau incorrect était à l'origine du problème. Nous avons vidé le cache et renouvelé l'authentification. Merci de confirmer le bon fonctionnement.",07/02/2025 16:05,09/02/2025 11:05
6bb2fd5e-88f6-4134-81ac-16f19fcd481e,Problème de audio,"Bonjour l'équipe IT, mon audio pose problème. Il ne fonctionne pas pendant les appels Teams chaque fois que je essaie de me connecter. Cela a commencé depuis la dernière mise à jour. Merci de vérifier.","Nous avons identifié la cause du problème : une panne serveur. Après avoir appliqué un correctif, tout semble fonctionner normalement.",19/06/2025 23:42,22/06/2025 18:42
fc18e564-7b5c-4346-a3f3-8e58bbdb9438,Problème de Wifi,"Bonsoir, j’ai un souci avec Wifi. Depuis depuis la dernière mise à jour, il se déconnecte fréquemment. Je ne parviens pas à le résoudre seul. Merci de prendre en charge.","Après diagnostic, nous avons constaté que un paramétrage réseau incorrect était à l'origine du problème. Nous avons basculé vers un serveur de secours. Merci de confirmer le bon fonctionnement.",20/06/2025 17:18,22/06/2025 16:18
d79bffcb-866e-47f2-be0e-5310c752be60,Problème de ordinateur portable,"Bonjour, je rencontre un problème avec mon ordinateur portable depuis depuis quelques heures. Il se met à ne démarre pas après l'écran de connexion. Pourriez-vous vérifier cela ? Merci d'avance.","Nous avons identifié la cause du problème : un pilote obsolète. Après avoir vidé le cache et renouvelé l'authentification, tout semble fonctionner normalement.",16/07/2025 21:24,20/07/2025 10:24
95e69078-9bda-4f0d-8d9d-de5c8e5f9d53,Problème de base de données,"Bonsoir, j’ai un souci avec base de données. Depuis depuis la dernière mise à jour, il ne retourne aucun résultat. Je ne parviens pas à le résoudre seul. Merci de prendre en charge.",Merci pour votre signalement. Le problème était lié à un pilote obsolète. Nous avons appliqué un correctif. Cela devrait être résolu maintenant.,27/04/2025 14:11,01/05/2025 08:11
2ed7dbd8-aa43-4d1c-8218-f6bcf89a6f2f,Problème de Wifi,"Bonsoir, j’ai un souci avec Wifi. Depuis après 10h30, il se déconnecte fréquemment. Je ne parviens pas à le résoudre seul. Merci de prendre en charge.","Nous avons identifié la cause du problème : un paramétrage réseau incorrect. Après avoir basculé vers un serveur de secours, tout semble fonctionner normalement.",17/02/2025 20:42,22/02/2025 07:42
5526d95c-95dd-4e6b-b2c9-37d28939708a,Outlook issue,"Hello IT Support, my Outlook has been not syncing new emails. I've noticed this since since yesterday. Could you help resolve this issue? Thanks in advance.","Thank you for your report. The problem was due to an expired authentication token. We have successfully updated the configuration, and the issue should be resolved.",12/03/2025 07:31,14/03/2025 04:31
fca7a6f6-f480-4b77-b64d-81d1488fb8b2,Network drive issue,"Hello IT Support, my Network drive has been not showing up in File Explorer. I've noticed this since after 10:30 AM. Could you help resolve this issue? Thanks in advance.",The issue was caused by an expired authentication token. We have restarted the affected service. Please monitor the system and let us know if the problem persists.,12/04/2025 02:54,13/04/2025 20:54
d9ec5d82-de65-4ddf-8b94-9797c1e1f1a8,Laptop issue,"Hello IT Support, my Laptop has been not booting past the login screen. I've noticed this since since yesterday. Could you help resolve this issue? Thanks in advance.","Thank you for your report. The problem was due to an expired authentication token. We have successfully restarted the affected service, and the issue should be resolved.",30/04/2025 19:36,02/05/2025 03:36
282e3c67-a72f-4f43-a375-4022d539fd00,Printer issue,"Hello IT Support, my Printer has been not responding to print commands. I've noticed this since this morning. Could you help resolve this issue? Thanks in advance.",The issue was caused by a faulty network switch. We have switched to a backup server. Please monitor the system and let us know if the problem persists.,12/06/2025 23:54,17/06/2025 02:54
3d34082a-fbe9-45f2-a21d-2c6ddb2c616d,Laptop issue,"Good day, I'm encountering a problem with Laptop. The system keeps not booting past the login screen. This has been happening since since yesterday. Please advise.","We identified the root cause as an outdated driver. After updated the configuration, the system is now operating correctly. Thanks for your patience.",16/02/2025 15:39,20/02/2025 01:39
d5b03abf-09bc-48f4-99cc-e93375ca4f99,Projector issue,"Hello IT Support, my Projector has been not displaying any signal. I've noticed this since since yesterday. Could you help resolve this issue? Thanks in advance.","We identified the root cause as a misconfigured network setting. After cleared the cache and reauthenticated, the system is now operating correctly. Thanks for your patience.",16/04/2025 22:34,19/04/2025 00:34
66cf5249-c4ed-44d1-a319-0183720ab9fa,Audio issue,"Hello, since since last update, my Audio has been not working during Teams calls. I tried restarting my device but the problem persists. Your support is appreciated.","Thank you for your report. The problem was due to an outdated driver. We have successfully switched to a backup server, and the issue should be resolved.",10/07/2025 13:54,12/07/2025 22:54
f38f3505-8199-410d-a868-b83ac3abefa5,Database issue,"Hello IT Support, my Database has been not returning query results. I've noticed this since over the past few hours. Could you help resolve this issue? Thanks in advance.",The technical issue was traced back to a faulty network switch. We’ve now cleared the cache and reauthenticated to fix it. Please confirm if everything is working fine.,24/01/2025 20:53,26/01/2025 11:53
2ab1c60e-7cee-4624-b619-2cc0b30089c6,Database issue,"Hello IT Support, my Database has been not returning query results. I've noticed this since after 10:30 AM. Could you help resolve this issue? Thanks in advance.",Our diagnostics showed that the issue stemmed from a faulty network switch. We've updated the configuration to restore functionality. You should now be able to proceed normally.,09/03/2025 04:09,11/03/2025 04:09
15f4ba33-1d53-4191-a758-53dbfd740c1a,Printer issue,"Hello IT Support, my Printer has been not responding to print commands. I've noticed this since after 10:30 AM. Could you help resolve this issue? Thanks in advance.",The technical issue was traced back to an expired authentication token. We’ve now cleared the cache and reauthenticated to fix it. Please confirm if everything is working fine.,07/05/2025 17:18,11/05/2025 01:18
c1474e0f-6a42-4abe-bcdb-ffa9a6f58c8a,Outlook issue,"Good day, I'm encountering a problem with Outlook. The system keeps not syncing new emails. This has been happening since since last update. Please advise.","Thank you for your report. The problem was due to an expired authentication token. We have successfully cleared the cache and reauthenticated, and the issue should be resolved.",07/02/2025 17:41,11/02/2025 00:41
9af048c8-5863-4385-811b-dc4cdfca6232,VPN issue,"Hello, since over the past few hours, my VPN has been not connecting to the corporate network. I tried restarting my device but the problem persists. Your support is appreciated.","Thank you for your report. The problem was due to an expired authentication token. We have successfully updated the configuration, and the issue should be resolved.",02/06/2025 01:33,06/06/2025 22:33
8d60c3ac-3fb8-4f63-8208-f8aa57a6eaf6,Audio issue,"Good day, I'm encountering a problem with Audio. The system keeps not working during Teams calls. This has been happening since this morning. Please advise.","We identified the root cause as an outdated driver. After switched to a backup server, the system is now operating correctly. Thanks for your patience.",27/06/2025 01:51,01/07/2025 06:51
a6aa81e1-c229-498f-81ec-5d367013a64a,Audio issue,"Hi, I'm facing issues with my Audio which started occurring over the past few hours. It keeps not working during Teams calls. Could you please look into it? Thanks.","We identified the root cause as an outdated driver. After patched the system, the system is now operating correctly. Thanks for your patience.",21/02/2025 17:19,25/02/2025 15:19
8776cfc8-bbda-4026-b341-fa1df82a6929,SAP issue,"Hello IT Support, my SAP has been throwing login errors. I've noticed this since over the past few hours. Could you help resolve this issue? Thanks in advance.","Thank you for your report. The problem was due to an expired authentication token. We have successfully cleared the cache and reauthenticated, and the issue should be resolved.",02/02/2025 00:04,06/02/2025 16:04
fe2a9724-ff07-4598-ba73-dd6b48c44e55,VPN issue,"Hi, I'm facing issues with my VPN which started occurring over the past few hours. It keeps not connecting to the corporate network. Could you please look into it? Thanks.","Thank you for your report. The problem was due to an outdated driver. We have successfully updated the configuration, and the issue should be resolved.",21/03/2025 16:45,22/03/2025 13:45
7ed9fb6d-23b1-442d-a81b-e15d40aab26b,VPN issue,"Hi, I'm facing issues with my VPN which started occurring after 10:30 AM. It keeps not connecting to the corporate network. Could you please look into it? Thanks.","Thank you for your report. The problem was due to a misconfigured network setting. We have successfully switched to a backup server, and the issue should be resolved.",07/05/2025 08:53,10/05/2025 11:53
c65163b8-2b98-4e80-b8ab-f19733ca9a58,Printer issue,"Good day, I'm encountering a problem with Printer. The system keeps not responding to print commands. This has been happening since after 10:30 AM. Please advise.","Thank you for your report. The problem was due to an expired authentication token. We have successfully updated the configuration, and the issue should be resolved.",24/05/2025 03:43,25/05/2025 22:43
8c503f0d-a009-4b20-a7f8-f9aaf8c43627,Outlook issue,"Hi, I'm facing issues with my Outlook which started occurring over the past few hours. It keeps not syncing new emails. Could you please look into it? Thanks.",The technical issue was traced back to an outdated driver. We’ve now patched the system to fix it. Please confirm if everything is working fine.,10/06/2025 20:07,13/06/2025 06:07
b390c5d9-dab2-49fd-8f90-f2b8e085e3e5,Projector issue,"Hello IT Support, my Projector has been not displaying any signal. I've noticed this since over the past few hours. Could you help resolve this issue? Thanks in advance.",The issue was caused by an expired authentication token. We have restarted the affected service. Please monitor the system and let us know if the problem persists.,18/04/2025 06:25,20/04/2025 06:25
406c60c6-c77b-4de9-81a3-e0a89171e51a,Printer issue,"Good day, I'm encountering a problem with Printer. The system keeps not responding to print commands. This has been happening since since yesterday. Please advise.",The technical issue was traced back to an expired authentication token. We’ve now updated the configuration to fix it. Please confirm if everything is working fine.,12/05/2025 18:46,13/05/2025 09:46
b32718e5-3a9b-4693-b026-93fab051d282,Audio issue,"Hello, since since yesterday, my Audio has been not working during Teams calls. I tried restarting my device but the problem persists. Your support is appreciated.",Our diagnostics showed that the issue stemmed from a backend server outage. We've patched the system to restore functionality. You should now be able to proceed normally.,15/05/2025 06:54,17/05/2025 04:54
8c2c621a-e1b2-42f6-acb1-ad405f008e04,Wifi issue,"Hi team, I cannot use my Wifi properly. It keeps disconnecting frequently, especially when I try to connect. This started this morning. Thanks for checking.","We identified the root cause as a misconfigured network setting. After updated the configuration, the system is now operating correctly. Thanks for your patience.",31/03/2025 15:58,03/04/2025 09:58
db9edcc0-3c3d-4dc5-8fd3-aa0c5b1e8062,Audio issue,"Hi, I'm facing issues with my Audio which started occurring after 10:30 AM. It keeps not working during Teams calls. Could you please look into it? Thanks.","Thank you for your report. The problem was due to an outdated driver. We have successfully cleared the cache and reauthenticated, and the issue should be resolved.",31/01/2025 13:24,31/01/2025 22:24
7a37722b-4a2a-485f-9895-0e6eab134e17,Audio issue,"Hello, since this morning, my Audio has been not working during Teams calls. I tried restarting my device but the problem persists. Your support is appreciated.",The issue was caused by a faulty network switch. We have updated the configuration. Please monitor the system and let us know if the problem persists.,10/05/2025 05:34,15/05/2025 01:34
81de4cec-8399-49bb-8fa5-260441232811,Laptop issue,"Good day, I'm encountering a problem with Laptop. The system keeps not booting past the login screen. This has been happening since since yesterday. Please advise.","We identified the root cause as a misconfigured network setting. After updated the configuration, the system is now operating correctly. Thanks for your patience.",13/06/2025 19:08,14/06/2025 06:08
ec6852ea-248b-4cdf-b588-596adf5245bf,SAP issue,"Hello, since over the past few hours, my SAP has been throwing login errors. I tried restarting my device but the problem persists. Your support is appreciated.",The technical issue was traced back to a misconfigured network setting. We’ve now cleared the cache and reauthenticated to fix it. Please confirm if everything is working fine.,29/03/2025 04:24,03/04/2025 01:24
637c1174-2368-43bc-8d93-b1d0a91fbe38,Wifi issue,"Good day, I'm encountering a problem with Wifi. The system keeps disconnecting frequently. This has been happening since after 10:30 AM. Please advise.",The issue was caused by a backend server outage. We have patched the system. Please monitor the system and let us know if the problem persists.,02/03/2025 12:44,02/03/2025 14:44
d4f71385-625c-4946-901f-8861620e6236,SAP issue,"Good day, I'm encountering a problem with SAP. The system keeps throwing login errors. This has been happening since after 10:30 AM. Please advise.",The issue was caused by a backend server outage. We have restarted the affected service. Please monitor the system and let us know if the problem persists.,01/04/2025 12:41,01/04/2025 22:41
b338f986-cab1-4b42-ab66-2298845bec7f,Network drive issue,"Good day, I'm encountering a problem with Network drive. The system keeps not showing up in File Explorer. This has been happening since this morning. Please advise.",The technical issue was traced back to an outdated driver. We’ve now restarted the affected service to fix it. Please confirm if everything is working fine.,20/04/2025 21:06,21/04/2025 08:06
90f26548-7109-454f-a704-addae6334a0b,VPN issue,"Hi, I'm facing issues with my VPN which started occurring since yesterday. It keeps not connecting to the corporate network. Could you please look into it? Thanks.",The issue was caused by an expired authentication token. We have updated the configuration. Please monitor the system and let us know if the problem persists.,15/06/2025 20:01,18/06/2025 04:01
22c87e24-65d9-4b18-b5b1-73c7b910917d,VPN issue,"Good day, I'm encountering a problem with VPN. The system keeps not connecting to the corporate network. This has been happening since after 10:30 AM. Please advise.",The technical issue was traced back to an expired authentication token. We’ve now cleared the cache and reauthenticated to fix it. Please confirm if everything is working fine.,12/02/2025 06:33,15/02/2025 08:33
78344072-fcca-4429-ab30-888242fabe39,Outlook issue,"Hello IT Support, my Outlook has been not syncing new emails. I've noticed this since after 10:30 AM. Could you help resolve this issue? Thanks in advance.",Our diagnostics showed that the issue stemmed from a misconfigured network setting. We've patched the system to restore functionality. You should now be able to proceed normally.,17/06/2025 04:31,17/06/2025 15:31
ff9deb0c-2664-4886-acd1-6f2a91b9624a,VPN issue,"Hi, I'm facing issues with my VPN which started occurring since last update. It keeps not connecting to the corporate network. Could you please look into it? Thanks.",Our diagnostics showed that the issue stemmed from a backend server outage. We've switched to a backup server to restore functionality. You should now be able to proceed normally.,29/01/2025 04:00,29/01/2025 19:00
f262eabc-ef69-4440-a007-b1fc7eb79fcc,Network drive issue,"Hello, since over the past few hours, my Network drive has been not showing up in File Explorer. I tried restarting my device but the problem persists. Your support is appreciated.",The technical issue was traced back to a backend server outage. We’ve now cleared the cache and reauthenticated to fix it. Please confirm if everything is working fine.,06/03/2025 06:33,08/03/2025 18:33
a3920101-f5f4-4760-93af-f3817554e1d9,Network drive issue,"Hi team, I cannot use my Network drive properly. It keeps not showing up in File Explorer, especially when I try to connect. This started after 10:30 AM. Thanks for checking.",The issue was caused by a misconfigured network setting. We have switched to a backup server. Please monitor the system and let us know if the problem persists.,04/07/2025 05:05,08/07/2025 02:05
73bd1928-af67-45e5-8bb1-1972d1b81798,Outlook issue,"Hello, since over the past few hours, my Outlook has been not syncing new emails. I tried restarting my device but the problem persists. Your support is appreciated.",The technical issue was traced back to a backend server outage. We’ve now switched to a backup server to fix it. Please confirm if everything is working fine.,16/07/2025 01:55,18/07/2025 10:55
f69aae0c-52e0-4170-b3e8-a719a5c4cb50,Database issue,"Hello IT Support, my Database has been not returning query results. I've noticed this since over the past few hours. Could you help resolve this issue? Thanks in advance.","We identified the root cause as a faulty network switch. After updated the configuration, the system is now operating correctly. Thanks for your patience.",07/05/2025 10:22,08/05/2025 23:22
1a2afb17-c21d-46f2-8ae9-006b6453db4f,Wifi issue,"Hello IT Support, my Wifi has been disconnecting frequently. I've noticed this since over the past few hours. Could you help resolve this issue? Thanks in advance.",The technical issue was traced back to an outdated driver. We’ve now updated the configuration to fix it. Please confirm if everything is working fine.,16/07/2025 21:47,18/07/2025 18:47
d392cddd-848b-472f-8b6a-d64f1871c55f,SAP issue,"Hello, since this morning, my SAP has been throwing login errors. I tried restarting my device but the problem persists. Your support is appreciated.",Our diagnostics showed that the issue stemmed from a backend server outage. We've restarted the affected service to restore functionality. You should now be able to proceed normally.,02/04/2025 06:52,05/04/2025 01:52
a3ce3542-80a2-4e00-a9da-d919f26a4f59,Projector issue,"Good day, I'm encountering a problem with Projector. The system keeps not displaying any signal. This has been happening since over the past few hours. Please advise.","Thank you for your report. The problem was due to an expired authentication token. We have successfully switched to a backup server, and the issue should be resolved.",01/04/2025 19:46,06/04/2025 03:46
1146306f-0b85-43bb-9ee8-f4ca84b4e26b,Projector issue,"Hello, since after 10:30 AM, my Projector has been not displaying any signal. I tried restarting my device but the problem persists. Your support is appreciated.","Thank you for your report. The problem was due to a faulty network switch. We have successfully switched to a backup server, and the issue should be resolved.",20/05/2025 13:40,20/05/2025 21:40
dd19abbe-06b4-4d9c-95a6-28da8eb8765c,Printer issue,"Hello, since since yesterday, my Printer has been not responding to print commands. I tried restarting my device but the problem persists. Your support is appreciated.",The technical issue was traced back to a backend server outage. We’ve now switched to a backup server to fix it. Please confirm if everything is working fine.,15/05/2025 12:39,16/05/2025 06:39
10f3b678-1ea0-41e7-aeee-caa88df13dad,VPN issue,"Hello, since since last update, my VPN has been not connecting to the corporate network. I tried restarting my device but the problem persists. Your support is appreciated.","We identified the root cause as an outdated driver. After switched to a backup server, the system is now operating correctly. Thanks for your patience.",07/05/2025 22:26,09/05/2025 17:26
b4f00aab-75cc-4f57-91f9-cadd1fddaffb,Outlook issue,"Hi, I'm facing issues with my Outlook which started occurring since last update. It keeps not syncing new emails. Could you please look into it? Thanks.",Our diagnostics showed that the issue stemmed from a misconfigured network setting. We've restarted the affected service to restore functionality. You should now be able to proceed normally.,02/06/2025 10:13,03/06/2025 13:13
4790e2d6-241f-4149-8a9b-d477dee34c1f,Projector issue,"Hi team, I cannot use my Projector properly. It keeps not displaying any signal, especially when I join a meeting. This started over the past few hours. Thanks for checking.",The issue was caused by an outdated driver. We have updated the configuration. Please monitor the system and let us know if the problem persists.,28/01/2025 17:58,28/01/2025 23:58
60b54637-bd68-4f45-9135-d1dc10293491,Outlook issue,"Hello, since over the past few hours, my Outlook has been not syncing new emails. I tried restarting my device but the problem persists. Your support is appreciated.",The technical issue was traced back to a faulty network switch. We’ve now updated the configuration to fix it. Please confirm if everything is working fine.,17/07/2025 06:14,18/07/2025 10:14
e531437d-d509-40d1-99d2-ec0e92bb48c6,SAP issue,"Hi, I'm facing issues with my SAP which started occurring this morning. It keeps throwing login errors. Could you please look into it? Thanks.",The technical issue was traced back to a faulty network switch. We’ve now restarted the affected service to fix it. Please confirm if everything is working fine.,15/05/2025 11:39,19/05/2025 03:39
e193ce0f-d44d-4fe9-99f2-a2074e6b4496,Printer issue,"Good day, I'm encountering a problem with Printer. The system keeps not responding to print commands. This has been happening since since last update. Please advise.",The issue was caused by a backend server outage. We have updated the configuration. Please monitor the system and let us know if the problem persists.,05/05/2025 19:41,08/05/2025 14:41
6315ebe8-0530-47d3-aed7-8a010443150c,Network drive issue,"Hello, since since yesterday, my Network drive has been not showing up in File Explorer. I tried restarting my device but the problem persists. Your support is appreciated.",The technical issue was traced back to an outdated driver. We’ve now restarted the affected service to fix it. Please confirm if everything is working fine.,08/03/2025 13:24,11/03/2025 15:24
a3bae2b8-2f36-40bc-8858-d991837f7a83,SAP issue,"Hi team, I cannot use my SAP properly. It keeps throwing login errors, especially when I print a document. This started since last update. Thanks for checking.","We identified the root cause as a backend server outage. After updated the configuration, the system is now operating correctly. Thanks for your patience.",05/05/2025 19:49,10/05/2025 04:49
2a292699-f5b8-441e-918d-6d91a1ba05f6,Audio issue,"Hello IT Support, my Audio has been not working during Teams calls. I've noticed this since over the past few hours. Could you help resolve this issue? Thanks in advance.","We identified the root cause as an outdated driver. After switched to a backup server, the system is now operating correctly. Thanks for your patience.",09/02/2025 18:02,14/02/2025 16:02
27e80063-67fa-40e6-a55a-3088a868e741,Audio issue,"Hello IT Support, my Audio has been not working during Teams calls. I've noticed this since over the past few hours. Could you help resolve this issue? Thanks in advance.",The technical issue was traced back to a faulty network switch. We’ve now updated the configuration to fix it. Please confirm if everything is working fine.,19/06/2025 16:01,24/06/2025 14:01
58ddf84b-935c-4caa-bb57-af46bde1bd0d,Projector issue,"Hello IT Support, my Projector has been not displaying any signal. I've noticed this since after 10:30 AM. Could you help resolve this issue? Thanks in advance.","We identified the root cause as a misconfigured network setting. After patched the system, the system is now operating correctly. Thanks for your patience.",27/05/2025 21:44,31/05/2025 03:44
a5481664-2791-4f58-90ef-85ce81e15e08,Wifi issue,"Hello, since over the past few hours, my Wifi has been disconnecting frequently. I tried restarting my device but the problem persists. Your support is appreciated.","Thank you for your report. The problem was due to a faulty network switch. We have successfully updated the configuration, and the issue should be resolved.",04/06/2025 13:35,09/06/2025 09:35
9be77c30-ebd9-468f-a8b3-abf5768e966c,Outlook issue,"Good day, I'm encountering a problem with Outlook. The system keeps not syncing new emails. This has been happening since since last update. Please advise.",The technical issue was traced back to a backend server outage. We’ve now cleared the cache and reauthenticated to fix it. Please confirm if everything is working fine.,25/02/2025 05:35,27/02/2025 23:35
5f2eb2a3-e2ff-4076-9111-7973a9df79f1,VPN issue,"Good day, I'm encountering a problem with VPN. The system keeps not connecting to the corporate network. This has been happening since after 10:30 AM. Please advise.","Thank you for your report. The problem was due to an expired authentication token. We have successfully switched to a backup server, and the issue should be resolved.",19/06/2025 00:07,23/06/2025 20:07
2e7ec297-21cb-4c8f-9adb-2d72c8a1382a,Network drive issue,"Hello IT Support, my Network drive has been not showing up in File Explorer. I've noticed this since this morning. Could you help resolve this issue? Thanks in advance.","We identified the root cause as a misconfigured network setting. After restarted the affected service, the system is now operating correctly. Thanks for your patience.",31/01/2025 15:07,03/02/2025 20:07
ac099858-3e4e-4b87-a81b-7ccbe7f38c9c,Database issue,"Hello IT Support, my Database has been not returning query results. I've noticed this since after 10:30 AM. Could you help resolve this issue? Thanks in advance.",Our diagnostics showed that the issue stemmed from an outdated driver. We've switched to a backup server to restore functionality. You should now be able to proceed normally.,17/07/2025 23:30,22/07/2025 19:30
21a05389-32af-4df5-b63f-567fec29ee55,Network drive issue,"Hi team, I cannot use my Network drive properly. It keeps not showing up in File Explorer, especially when I launch the application. This started since yesterday. Thanks for checking.",The technical issue was traced back to an outdated driver. We’ve now patched the system to fix it. Please confirm if everything is working fine.,24/02/2025 10:03,27/02/2025 15:03
5b2e7698-cd81-4e8d-a2ad-d6c0069a3da6,SAP issue,"Hello, since after 10:30 AM, my SAP has been throwing login errors. I tried restarting my device but the problem persists. Your support is appreciated.",Our diagnostics showed that the issue stemmed from a misconfigured network setting. We've restarted the affected service to restore functionality. You should now be able to proceed normally.,26/05/2025 01:44,30/05/2025 19:44
693b74bf-a240-42d3-a67c-b141a66bd14a,Wifi issue,"Hi team, I cannot use my Wifi properly. It keeps disconnecting frequently, especially when I launch the application. This started over the past few hours. Thanks for checking.",Our diagnostics showed that the issue stemmed from an outdated driver. We've cleared the cache and reauthenticated to restore functionality. You should now be able to proceed normally.,02/07/2025 16:12,05/07/2025 02:12
0e10d190-0015-4079-9e9c-6a264c12eed1,Laptop issue,"Hi, I'm facing issues with my Laptop which started occurring since last update. It keeps not booting past the login screen. Could you please look into it? Thanks.",The technical issue was traced back to an expired authentication token. We’ve now patched the system to fix it. Please confirm if everything is working fine.,07/04/2025 18:14,08/04/2025 14:14
3f66a2a1-38ed-4993-aebe-f406b5107802,Wifi issue,"Hi team, I cannot use my Wifi properly. It keeps disconnecting frequently, especially when I send an email. This started since yesterday. Thanks for checking.","We identified the root cause as a misconfigured network setting. After switched to a backup server, the system is now operating correctly. Thanks for your patience.",06/06/2025 05:15,07/06/2025 03:15
43805357-8d52-4c51-a10e-68ea95dcf1f3,Outlook issue,"Hello IT Support, my Outlook has been not syncing new emails. I've noticed this since after 10:30 AM. Could you help resolve this issue? Thanks in advance.",The technical issue was traced back to a faulty network switch. We’ve now switched to a backup server to fix it. Please confirm if everything is working fine.,16/04/2025 08:01,19/04/2025 18:01
d97a07c5-5460-48d2-bd89-6c562a040f86,Wifi issue,"Hi, I'm facing issues with my Wifi which started occurring this morning. It keeps disconnecting frequently. Could you please look into it? Thanks.","Thank you for your report. The problem was due to a faulty network switch. We have successfully patched the system, and the issue should be resolved.",27/02/2025 12:12,03/03/2025 12:12
6f56f6ad-ad97-469d-8480-740688e38c5d,Printer issue,"Hi team, I cannot use my Printer properly. It keeps not responding to print commands, especially when I join a meeting. This started since last update. Thanks for checking.",The technical issue was traced back to an expired authentication token. We’ve now updated the configuration to fix it. Please confirm if everything is working fine.,04/03/2025 18:38,05/03/2025 00:38
d5562371-8f94-4480-8a4f-f0a274a7e1e6,Network drive issue,"Hello, since after 10:30 AM, my Network drive has been not showing up in File Explorer. I tried restarting my device but the problem persists. Your support is appreciated.","We identified the root cause as an outdated driver. After restarted the affected service, the system is now operating correctly. Thanks for your patience.",30/04/2025 00:39,02/05/2025 16:39
1cb05612-4e5e-44ec-bdbb-67e4f33529eb,Database issue,"Hello IT Support, my Database has been not returning query results. I've noticed this since this morning. Could you help resolve this issue? Thanks in advance.",The issue was caused by a faulty network switch. We have restarted the affected service. Please monitor the system and let us know if the problem persists.,03/06/2025 05:27,05/06/2025 06:27
28a8a188-18c6-46dc-a80a-6be5a8bcf1d7,Wifi issue,"Hi, I'm facing issues with my Wifi which started occurring since last update. It keeps disconnecting frequently. Could you please look into it? Thanks.",Our diagnostics showed that the issue stemmed from a faulty network switch. We've cleared the cache and reauthenticated to restore functionality. You should now be able to proceed normally.,17/06/2025 12:45,20/06/2025 11:45
79d4b141-5052-4315-a0ef-72557c329f5d,Projector issue,"Hi, I'm facing issues with my Projector which started occurring over the past few hours. It keeps not displaying any signal. Could you please look into it? Thanks.",The technical issue was traced back to a misconfigured network setting. We’ve now restarted the affected service to fix it. Please confirm if everything is working fine.,07/04/2025 03:28,11/04/2025 10:28
65ef5c12-6931-47c7-87c0-6f67659c1efc,SAP issue,"Good day, I'm encountering a problem with SAP. The system keeps throwing login errors. This has been happening since this morning. Please advise.","Thank you for your report. The problem was due to a faulty network switch. We have successfully cleared the cache and reauthenticated, and the issue should be resolved.",06/07/2025 19:02,07/07/2025 15:02
d249c29f-4268-4f3a-87b4-2b620b52ab39,Wifi issue,"Hello IT Support, my Wifi has been disconnecting frequently. I've noticed this since after 10:30 AM. Could you help resolve this issue? Thanks in advance.","We identified the root cause as an expired authentication token. After patched the system, the system is now operating correctly. Thanks for your patience.",14/07/2025 18:44,15/07/2025 06:44
4480eddb-137b-4fce-917a-c921bcc8e3ab,Projector issue,"Hi team, I cannot use my Projector properly. It keeps not displaying any signal, especially when I send an email. This started over the past few hours. Thanks for checking.","We identified the root cause as an expired authentication token. After switched to a backup server, the system is now operating correctly. Thanks for your patience.",16/03/2025 17:56,17/03/2025 11:56
cfc7e201-9482-4fb1-887c-a710953e8fdb,Laptop issue,"Hello, since after 10:30 AM, my Laptop has been not booting past the login screen. I tried restarting my device but the problem persists. Your support is appreciated.",Our diagnostics showed that the issue stemmed from a backend server outage. We've updated the configuration to restore functionality. You should now be able to proceed normally.,02/05/2025 02:03,04/05/2025 15:03
23c4c82b-820c-482a-a4f6-a670980c75d9,Outlook issue,"Good day, I'm encountering a problem with Outlook. The system keeps not syncing new emails. This has been happening since this morning. Please advise.",Our diagnostics showed that the issue stemmed from a misconfigured network setting. We've restarted the affected service to restore functionality. You should now be able to proceed normally.,02/03/2025 00:44,02/03/2025 08:44
8fa85265-0483-4a06-bd10-840f25dbe41d,Projector issue,"Good day, I'm encountering a problem with Projector. The system keeps not displaying any signal. This has been happening since since last update. Please advise.","We identified the root cause as an expired authentication token. After restarted the affected service, the system is now operating correctly. Thanks for your patience.",07/05/2025 14:44,12/05/2025 13:44
380ba5b7-643e-4cc4-a1b4-ad9e65cf6a82,Database issue,"Hi team, I cannot use my Database properly. It keeps not returning query results, especially when I launch the application. This started after 10:30 AM. Thanks for checking.",Our diagnostics showed that the issue stemmed from a faulty network switch. We've cleared the cache and reauthenticated to restore functionality. You should now be able to proceed normally.,19/07/2025 02:12,23/07/2025 07:12
f5b44206-bc8f-4334-83c7-652ae7b89ede,VPN issue,"Hi team, I cannot use my VPN properly. It keeps not connecting to the corporate network, especially when I print a document. This started since last update. Thanks for checking.","Thank you for your report. The problem was due to a backend server outage. We have successfully updated the configuration, and the issue should be resolved.",19/02/2025 11:08,20/02/2025 12:08
6583d1a7-67ee-4c6e-810a-cdeaf7b4ede4,Projector issue,"Hello IT Support, my Projector has been not displaying any signal. I've noticed this since since yesterday. Could you help resolve this issue? Thanks in advance.","Thank you for your report. The problem was due to a misconfigured network setting. We have successfully patched the system, and the issue should be resolved.",24/01/2025 01:48,25/01/2025 12:48
c0515df7-74bd-475b-97c8-d8a1f251f16c,Projector issue,"Hello IT Support, my Projector has been not displaying any signal. I've noticed this since since yesterday. Could you help resolve this issue? Thanks in advance.","Thank you for your report. The problem was due to a faulty network switch. We have successfully patched the system, and the issue should be resolved.",10/04/2025 23:29,11/04/2025 08:29
a0f9747e-f3e9-451f-9f59-9ae0cdfae7bc,SAP issue,"Good day, I'm encountering a problem with SAP. The system keeps throwing login errors. This has been happening since since yesterday. Please advise.","Thank you for your report. The problem was due to a misconfigured network setting. We have successfully cleared the cache and reauthenticated, and the issue should be resolved.",19/04/2025 11:04,19/04/2025 23:04
c878363d-b448-4b51-bd96-50fd5094b002,SAP issue,"Hello, since over the past few hours, my SAP has been throwing login errors. I tried restarting my device but the problem persists. Your support is appreciated.",The technical issue was traced back to an expired authentication token. We’ve now updated the configuration to fix it. Please confirm if everything is working fine.,17/04/2025 06:37,19/04/2025 07:37
2f79e07c-4e75-4e94-a794-c8915fd8e2de,Audio issue,"Hi, I'm facing issues with my Audio which started occurring over the past few hours. It keeps not working during Teams calls. Could you please look into it? Thanks.",The issue was caused by an expired authentication token. We have patched the system. Please monitor the system and let us know if the problem persists.,14/05/2025 07:37,18/05/2025 13:37
b2a4c8f4-f9f8-472a-b5ad-19e74d2c1b3c,Laptop issue,"Good day, I'm encountering a problem with Laptop. The system keeps not booting past the login screen. This has been happening since over the past few hours. Please advise.","Thank you for your report. The problem was due to a faulty network switch. We have successfully patched the system, and the issue should be resolved.",14/06/2025 02:06,14/06/2025 23:06
fe80d013-3eda-41fb-b8c5-1639021ea91d,Audio issue,"Hello IT Support, my Audio has been not working during Teams calls. I've noticed this since this morning. Could you help resolve this issue? Thanks in advance.",The technical issue was traced back to an expired authentication token. We’ve now restarted the affected service to fix it. Please confirm if everything is working fine.,03/03/2025 23:04,06/03/2025 01:04
e55d80c8-092c-45ff-b4b5-7306cf582cab,Projector issue,"Good day, I'm encountering a problem with Projector. The system keeps not displaying any signal. This has been happening since since last update. Please advise.",Our diagnostics showed that the issue stemmed from an outdated driver. We've restarted the affected service to restore functionality. You should now be able to proceed normally.,01/05/2025 07:27,01/05/2025 23:27
feb0d875-ba10-4988-b69d-f81c92a491ab,Audio issue,"Good day, I'm encountering a problem with Audio. The system keeps not working during Teams calls. This has been happening since after 10:30 AM. Please advise.","We identified the root cause as a faulty network switch. After restarted the affected service, the system is now operating correctly. Thanks for your patience.",15/04/2025 19:02,17/04/2025 08:02
17d58f08-d861-48ff-bee0-282d59b264ac,Audio issue,"Hello, since since yesterday, my Audio has been not working during Teams calls. I tried restarting my device but the problem persists. Your support is appreciated.",The technical issue was traced back to an outdated driver. We’ve now patched the system to fix it. Please confirm if everything is working fine.,22/05/2025 19:08,24/05/2025 21:08
550fcfe6-f518-4d1d-82f6-7aab05f26593,Database issue,"Good day, I'm encountering a problem with Database. The system keeps not returning query results. This has been happening since over the past few hours. Please advise.",The technical issue was traced back to a backend server outage. We’ve now patched the system to fix it. Please confirm if everything is working fine.,10/04/2025 10:11,11/04/2025 06:11
43f6a66f-1676-4977-9767-4e5f77d2e40a,SAP issue,"Hi team, I cannot use my SAP properly. It keeps throwing login errors, especially when I join a meeting. This started after 10:30 AM. Thanks for checking.","Thank you for your report. The problem was due to an expired authentication token. We have successfully switched to a backup server, and the issue should be resolved.",28/03/2025 07:58,31/03/2025 16:58
4f1c7352-ddd5-4cf5-9b82-d43a1a07a69c,Projector issue,"Good day, I'm encountering a problem with Projector. The system keeps not displaying any signal. This has been happening since over the past few hours. Please advise.","We identified the root cause as a faulty network switch. After patched the system, the system is now operating correctly. Thanks for your patience.",09/04/2025 21:57,12/04/2025 16:57
1eef2487-a5b6-41b1-b2bc-6610dfaa7301,Projector issue,"Hello IT Support, my Projector has been not displaying any signal. I've noticed this since over the past few hours. Could you help resolve this issue? Thanks in advance.",Our diagnostics showed that the issue stemmed from a misconfigured network setting. We've switched to a backup server to restore functionality. You should now be able to proceed normally.,08/02/2025 06:29,08/02/2025 09:29
aa6f2b01-ac48-4c2a-a1a7-6317ac8f755b,Laptop issue,"Hello, since since last update, my Laptop has been not booting past the login screen. I tried restarting my device but the problem persists. Your support is appreciated.",The issue was caused by a backend server outage. We have updated the configuration. Please monitor the system and let us know if the problem persists.,23/04/2025 15:54,28/04/2025 08:54
91385501-0d6a-4e77-be7f-12f3a57484e4,SAP issue,"Good day, I'm encountering a problem with SAP. The system keeps throwing login errors. This has been happening since over the past few hours. Please advise.","Thank you for your report. The problem was due to a misconfigured network setting. We have successfully restarted the affected service, and the issue should be resolved.",23/02/2025 22:35,27/02/2025 06:35
a602cabb-aa2c-483b-b12e-e0d1a5f76e82,Network drive issue,"Hello, since since last update, my Network drive has been not showing up in File Explorer. I tried restarting my device but the problem persists. Your support is appreciated.","We identified the root cause as an expired authentication token. After updated the configuration, the system is now operating correctly. Thanks for your patience.",05/02/2025 01:54,09/02/2025 16:54
4bf31d3d-4883-44f1-bb0e-ff4ddffeab2f,Wifi issue,"Hello, since this morning, my Wifi has been disconnecting frequently. I tried restarting my device but the problem persists. Your support is appreciated.","Thank you for your report. The problem was due to an outdated driver. We have successfully restarted the affected service, and the issue should be resolved.",24/03/2025 06:53,25/03/2025 16:53
153a5008-438c-4e8c-b208-3d3f24171436,VPN issue,"Hi team, I cannot use my VPN properly. It keeps not connecting to the corporate network, especially when I join a meeting. This started since yesterday. Thanks for checking.",The technical issue was traced back to a faulty network switch. We’ve now cleared the cache and reauthenticated to fix it. Please confirm if everything is working fine.,04/07/2025 03:30,08/07/2025 00:30
0b4d759b-030a-4457-948e-7098f90d570d,Audio issue,"Hello IT Support, my Audio has been not working during Teams calls. I've noticed this since since last update. Could you help resolve this issue? Thanks in advance.","We identified the root cause as an expired authentication token. After restarted the affected service, the system is now operating correctly. Thanks for your patience.",25/03/2025 03:29,26/03/2025 22:29
0046bbaf-2c0c-418f-b956-275086a14f72,Outlook issue,"Hello IT Support, my Outlook has been not syncing new emails. I've noticed this since since last update. Could you help resolve this issue? Thanks in advance.",The technical issue was traced back to a faulty network switch. We’ve now patched the system to fix it. Please confirm if everything is working fine.,24/01/2025 00:33,28/01/2025 05:33
